2/4/74,AA,2.0,3.0
2/23/81,AA,1.0,2.0
2/27/95,AA,1.0,2.0
2/26/99,AA,1.0,2.0
6/12/00,AA,1.0,2.0
6/16/87,AAPL,1.0,2.0
6/21/00,AAPL,1.0,2.0
2/28/05,AAPL,1.0,2.0
6/9/14,AAPL,1.0,7.0
12/29/05,ABC,1.0,2.0
6/16/09,ABC,1.0,2.0
6/2/86,ABT,1.0,2.0
6/1/90,ABT,1.0,2.0
6/1/92,ABT,1.0,2.0
6/1/98,ABT,1.0,2.0
1/2/13,ABT,4798.0,10000.0
5/3/04,ABT,9356.0,10000.0
11/23/88,ADBE,1.0,2.0
8/11/93,ADBE,1.0,2.0
10/27/99,ADBE,1.0,2.0
10/25/00,ADBE,1.0,2.0
5/24/05,ADBE,1.0,2.0
4/15/86,ADI,3.0,4.0
1/5/95,ADI,2.0,3.0
1/4/96,ADI,2.0,3.0
1/7/97,ADI,3.0,4.0
3/16/00,ADI,1.0,2.0
6/3/86,ADM,2.0,3.0
12/5/89,ADM,2.0,3.0
8/17/93,ADM,20.0,21.0
12/6/94,ADM,2.0,3.0
8/15/96,ADM,20.0,21.0
8/14/97,ADM,20.0,21.0
8/20/98,ADM,100.0,105.0
8/19/99,ADM,100.0,105.0
8/24/00,ADM,100.0,105.0
8/30/01,ADM,100.0,105.0
8/28/78,ADM,100.0,105.0
8/27/79,ADM,100.0,105.0
10/27/80,ADM,100.0,105.0
8/17/81,ADM,100.0,105.0
8/17/82,ADM,100.0,105.0
8/16/83,ADM,100.0,105.0
8/14/84,ADM,100.0,105.0
8/13/85,ADM,100.0,105.0
8/12/86,ADM,100.0,105.0
8/11/87,ADM,100.0,105.0
8/16/88,ADM,100.0,105.0
8/22/89,ADM,100.0,105.0
8/14/90,ADM,100.0,105.0
8/13/91,ADM,100.0,105.0
8/11/92,ADM,100.0,105.0
8/16/94,ADM,100.0,105.0
8/17/95,ADM,100.0,105.0
9/8/97,ADP,2.0,3.0
4/2/07,ADP,9033.0,10000.0
10/1/14,ADP,1000.0,1139.0
3/30/87,ADSK,1.0,3.0
10/31/94,ADSK,1.0,2.0
4/19/02,ADSK,1.0,2.0
12/21/04,ADSK,1.0,2.0
2/1/94,AES,2.0,3.0
8/29/97,AES,1.0,2.0
6/2/00,AES,1.0,2.0
6/4/79,AET,2.0,3.0
12/14/00,AET,1.0,2.0
3/14/05,AET,1.0,2.0
2/21/06,AET,1.0,2.0
6/4/85,AFL,2.0,3.0
3/3/86,AFL,3.0,4.0
2/3/87,AFL,1.0,2.0
6/15/93,AFL,4.0,5.0
3/18/96,AFL,2.0,3.0
6/9/98,AFL,1.0,2.0
3/19/01,AFL,1.0,2.0
12/10/99,AGN,1.0,2.0
6/25/07,AGN,1.0,2.0
11/18/86,AIG,1.0,2.0
7/23/90,AIG,4.0,5.0
7/30/93,AIG,2.0,3.0
7/31/95,AIG,2.0,3.0
7/28/97,AIG,2.0,3.0
8/3/98,AIG,2.0,3.0
8/2/99,AIG,4.0,5.0
7/31/00,AIG,2.0,3.0
7/1/09,AIG,20.0,1.0
6/1/95,ALTR,1.0,2.0
1/7/97,ALTR,1.0,2.0
5/20/99,ALTR,1.0,2.0
8/11/00,ALTR,1.0,2.0
8/25/08,ALXN,1.0,2.0
5/23/11,ALXN,1.0,2.0
5/16/86,AMAT,1.0,2.0
4/7/92,AMAT,1.0,2.0
10/6/93,AMAT,1.0,2.0
10/13/95,AMAT,1.0,2.0
10/14/97,AMAT,1.0,2.0
3/16/00,AMAT,1.0,2.0
4/17/02,AMAT,1.0,2.0
11/20/87,AME,1.0,2.0
3/1/04,AME,1.0,2.0
11/28/06,AME,2.0,3.0
12/22/10,AME,2.0,3.0
7/2/12,AME,2.0,3.0
8/13/90,AMGN,1.0,2.0
9/11/91,AMGN,1.0,3.0
8/16/95,AMGN,1.0,2.0
3/1/99,AMGN,1.0,2.0
11/22/99,AMGN,1.0,2.0
6/2/98,AMZN,1.0,2.0
1/5/99,AMZN,1.0,3.0
9/2/99,AMZN,1.0,2.0
12/27/01,APA,10.0,11.0
3/10/03,APA,100.0,105.0
1/15/04,APA,1.0,2.0
7/2/98,APC,1.0,2.0
5/30/06,APC,1.0,2.0
6/6/86,APD,1.0,2.0
3/10/92,APD,1.0,2.0
6/16/98,APD,1.0,2.0
4/26/00,APH,1.0,2.0
3/30/04,APH,1.0,2.0
4/2/07,APH,1.0,2.0
10/10/14,APH,1.0,2.0
11/27/92,ARG,1.0,2.0
11/26/93,ARG,1.0,2.0
4/16/96,ARG,1.0,2.0
5/18/89,AVP,3.0,4.0
6/4/96,AVP,1.0,2.0
9/14/98,AVP,1.0,2.0
6/1/04,AVP,1.0,2.0
2/11/83,AXP,3.0,4.0
8/11/83,AXP,2.0,3.0
5/11/87,AXP,1.0,2.0
5/11/00,AXP,1.0,3.0
5/31/94,AXP,8825.0,10000.0
10/3/05,AXP,8753.0,10000.0
2/3/92,AZO,1.0,2.0
4/21/94,AZO,1.0,2.0
5/18/66,BA,1.0,2.0
9/13/77,BA,1.0,2.0
4/16/79,BA,2.0,3.0
4/15/80,BA,2.0,3.0
6/10/85,BA,2.0,3.0
6/12/89,BA,2.0,3.0
6/11/90,BA,2.0,3.0
6/9/97,BA,1.0,2.0
11/21/86,BAC,1.0,2.0
2/28/97,BAC,1.0,2.0
8/30/04,BAC,1.0,2.0
11/18/83,BAX,1.0,2.0
5/31/01,BAX,1.0,2.0
12/1/92,BAX,90823.0,100000.0
7/9/93,BBBY,1.0,2.0
5/1/96,BBBY,1.0,2.0
8/3/98,BBBY,1.0,2.0
8/14/00,BBBY,1.0,2.0
4/1/86,BBY,1.0,2.0
2/23/87,BBY,2.0,3.0
9/2/93,BBY,2.0,3.0
4/29/94,BBY,1.0,2.0
5/27/98,BBY,1.0,2.0
3/19/99,BBY,1.0,2.0
5/13/02,BBY,2.0,3.0
8/4/05,BBY,2.0,3.0
6/2/86,BCR,1.0,2.0
10/3/88,BCR,1.0,2.0
6/1/04,BCR,1.0,2.0
3/3/86,BDX,1.0,2.0
3/1/93,BDX,1.0,2.0
8/16/96,BDX,1.0,2.0
8/21/98,BDX,1.0,2.0
1/24/86,BEN,1.0,2.0
10/27/86,BEN,2.0,3.0
1/16/90,BEN,2.0,3.0
4/15/92,BEN,1.0,2.0
1/15/97,BEN,2.0,3.0
1/16/98,BEN,1.0,2.0
7/26/13,BEN,1.0,3.0
11/7/86,BK,2.0,3.0
5/16/94,BK,1.0,2.0
8/9/96,BK,1.0,2.0
8/14/98,BK,1.0,2.0
7/2/07,BK,10000.0,9434.0
10/2/85,BLL,1.0,2.0
2/25/02,BLL,1.0,2.0
8/24/04,BLL,1.0,2.0
2/16/11,BLL,1.0,2.0
4/1/86,BMS,1.0,2.0
4/4/88,BMS,1.0,2.0
4/1/92,BMS,1.0,2.0
3/2/04,BMS,1.0,2.0
5/31/77,BMY,1.0,2.0
5/27/83,BMY,1.0,2.0
6/10/87,BMY,1.0,2.0
3/3/97,BMY,1.0,2.0
3/1/99,BMY,1.0,2.0
8/7/01,BMY,951777.0,1000000.0
2/18/99,BRCM,1.0,2.0
2/14/00,BRCM,1.0,2.0
2/22/06,BRCM,2.0,3.0
12/1/98,BSX,1.0,2.0
11/6/03,BSX,1.0,2.0
3/31/05,BTU,1.0,2.0
2/23/06,BTU,1.0,2.0
3/13/87,C,1.0,2.0
3/1/93,C,2.0,3.0
8/30/93,C,3.0,4.0
5/28/96,C,2.0,3.0
11/25/96,C,3.0,4.0
11/20/97,C,2.0,3.0
6/1/99,C,2.0,3.0
8/28/00,C,3.0,4.0
5/9/11,C,10.0,1.0
5/8/87,CA,1.0,2.0
6/19/89,CA,1.0,2.0
9/6/95,CA,2.0,3.0
7/16/96,CA,2.0,3.0
11/28/97,CA,2.0,3.0
7/1/85,CAG,2.0,3.0
12/2/86,CAG,1.0,2.0
12/4/89,CAG,2.0,3.0
12/2/91,CAG,2.0,3.0
10/2/97,CAG,1.0,2.0
9/9/88,CAH,10.0,11.0
10/2/89,CAH,4.0,5.0
10/1/90,CAH,4.0,5.0
10/1/91,CAH,4.0,5.0
7/1/94,CAH,4.0,5.0
12/17/96,CAH,2.0,3.0
11/2/98,CAH,2.0,3.0
4/23/01,CAH,2.0,3.0
6/13/97,CAM,1.0,2.0
12/16/05,CAM,1.0,2.0
12/31/07,CAM,1.0,2.0
7/26/76,CAT,2.0,3.0
9/6/94,CAT,1.0,2.0
7/14/97,CAT,1.0,2.0
7/14/05,CAT,1.0,2.0
7/6/64,CAT,1.0,2.0
10/25/85,CB,2.0,3.0
5/31/90,CB,1.0,2.0
5/6/96,CB,1.0,2.0
4/19/06,CB,1.0,2.0
4/17/00,CELG,1.0,3.0
10/25/04,CELG,1.0,2.0
2/27/06,CELG,1.0,2.0
6/26/14,CELG,1.0,2.0
5/12/92,CERN,1.0,2.0
3/1/93,CERN,1.0,2.0
8/7/95,CERN,1.0,2.0
1/10/06,CERN,1.0,2.0
6/27/11,CERN,1.0,2.0
7/1/13,CERN,1.0,2.0
5/28/92,CF,2.0,3.0
11/22/93,CF,2.0,3.0
10/15/97,CF,100.0,105.0
5/21/98,CF,1.0,2.0
9/10/98,CF,100.0,105.0
9/10/99,CF,100.0,105.0
9/12/00,CF,100.0,105.0
9/17/01,CF,100.0,105.0
9/11/02,CF,100.0,105.0
12/19/94,CHK,1.0,2.0
12/29/95,CHK,2.0,3.0
7/1/96,CHK,2.0,3.0
1/2/97,CHK,1.0,2.0
7/1/14,CHK,1000.0,1057.0
5/18/98,CI,1.0,3.0
6/5/07,CI,1.0,3.0
5/18/92,CINF,1.0,3.0
5/18/98,CINF,1.0,3.0
4/28/04,CINF,100.0,105.0
4/4/05,CINF,100.0,105.0
3/13/95,CINF,100.0,105.0
3/13/96,CINF,100.0,105.0
5/16/91,CL,1.0,2.0
5/16/97,CL,1.0,2.0
7/1/99,CL,1.0,2.0
5/16/13,CL,1.0,2.0
1/3/05,CLF,1.0,2.0
7/3/06,CLF,1.0,2.0
5/16/08,CLF,1.0,2.0
6/2/87,CLX,1.0,2.0
9/3/97,CLX,1.0,2.0
8/24/99,CLX,1.0,2.0
6/20/91,CMA,2.0,3.0
1/5/93,CMA,1.0,2.0
4/2/98,CMA,2.0,3.0
10/25/89,CMCSA,2.0,3.0
2/3/94,CMCSA,2.0,3.0
5/6/99,CMCSA,1.0,2.0
2/22/07,CMCSA,2.0,3.0
2/3/94,CMCSK,2.0,3.0
5/6/99,CMCSK,1.0,2.0
2/22/07,CMCSK,2.0,3.0
4/10/07,CMI,1.0,2.0
1/3/08,CMI,1.0,2.0
4/1/05,COG,2.0,3.0
4/2/07,COG,1.0,2.0
1/26/12,COG,1.0,2.0
8/15/13,COG,1.0,2.0
7/5/02,COH,1.0,2.0
10/2/03,COH,1.0,2.0
4/5/05,COH,1.0,2.0
1/2/97,COP,10.0,11.0
12/29/97,COP,4.0,5.0
12/29/98,COP,4.0,5.0
12/27/99,COP,10.0,11.0
6/2/05,COP,1.0,2.0
5/1/12,COP,1000000.0,1311791.0
10/22/93,COST,1.0,2.0
1/14/00,COST,1.0,2.0
8/1/85,CPB,1.0,2.0
12/23/87,CPB,1.0,2.0
12/24/91,CPB,1.0,2.0
3/18/97,CPB,1.0,2.0
7/6/00,CRM,20.0,1.0
4/18/13,CRM,1.0,4.0
1/13/94,CSC,1.0,3.0
3/24/98,CSC,1.0,2.0
3/18/91,CSCO,1.0,2.0
3/23/92,CSCO,1.0,2.0
3/22/93,CSCO,1.0,2.0
3/21/94,CSCO,1.0,2.0
2/20/96,CSCO,1.0,2.0
12/17/97,CSCO,2.0,3.0
9/16/98,CSCO,2.0,3.0
6/22/99,CSCO,1.0,2.0
3/23/00,CSCO,1.0,2.0
10/26/83,CSX,1.0,3.0
12/22/95,CSX,1.0,2.0
8/16/06,CSX,1.0,2.0
6/16/11,CSX,1.0,3.0
4/3/91,CTAS,2.0,3.0
4/3/92,CTAS,1.0,2.0
11/19/97,CTAS,1.0,2.0
3/8/00,CTAS,2.0,3.0
8/2/88,CTL,2.0,3.0
3/27/89,CTL,2.0,3.0
1/4/93,CTL,2.0,3.0
4/1/98,CTL,2.0,3.0
4/1/99,CTL,2.0,3.0
3/17/00,CTSH,1.0,2.0
4/2/03,CTSH,1.0,3.0
6/18/04,CTSH,1.0,2.0
10/17/07,CTSH,1.0,2.0
3/10/14,CTSH,1.0,2.0
6/5/96,CTXS,1.0,2.0
2/23/98,CTXS,2.0,3.0
3/26/99,CTXS,1.0,2.0
2/17/00,CTXS,1.0,2.0
3/31/98,CVC,1.0,2.0
8/24/98,CVC,1.0,2.0
2/10/10,CVC,1000.0,1211.0
7/1/11,CVC,7254.0,10000.0
3/15/89,CVS,1.0,2.0
6/16/98,CVS,1.0,2.0
6/7/05,CVS,1.0,2.0
1/24/92,D,2.0,3.0
11/20/07,D,1.0,2.0
6/29/79,DD,1.0,3.0
1/22/90,DD,1.0,3.0
6/13/97,DD,1.0,2.0
11/29/95,DE,1.0,3.0
12/4/07,DE,1.0,2.0
9/22/72,DE,1.0,2.0
9/22/76,DE,1.0,2.0
6/1/01,DGX,1.0,2.0
6/21/05,DGX,1.0,2.0
9/18/95,DHI,5.0,7.0
9/14/00,DHI,100.0,109.0
3/7/01,DHI,100.0,111.0
4/10/02,DHI,2.0,3.0
1/13/04,DHI,2.0,3.0
3/17/05,DHI,3.0,4.0
5/24/94,DHI,100.0,106.0
5/6/96,DHI,100.0,108.0
8/25/93,DHI,100.0,105.0
5/24/95,DHI,100.0,109.0
1/23/95,DHR,1.0,2.0
6/1/98,DHR,1.0,2.0
5/21/04,DHR,1.0,2.0
6/14/10,DHR,1.0,2.0
12/18/62,DIS,100.0,103.0
3/1/71,DIS,1.0,2.0
1/16/73,DIS,1.0,2.0
3/6/86,DIS,1.0,4.0
5/18/92,DIS,1.0,4.0
7/10/98,DIS,1.0,3.0
11/16/67,DIS,1.0,2.0
6/13/07,DIS,1000.0,1014.0
4/22/96,DLTR,2.0,3.0
7/22/97,DLTR,2.0,3.0
6/30/98,DLTR,2.0,3.0
6/20/00,DLTR,2.0,3.0
6/25/10,DLTR,2.0,3.0
6/27/12,DLTR,1.0,2.0
6/13/83,DNB,1.0,2.0
6/10/87,DNB,1.0,2.0
10/3/00,DNB,1.0,2.0
10/17/96,DNR,2.0,1.0
11/8/05,DNR,1.0,2.0
12/17/07,DNR,1.0,2.0
9/26/88,DOV,1.0,2.0
9/18/95,DOV,1.0,2.0
12/16/97,DOV,1.0,2.0
3/3/14,DOV,1000.0,1205.0
11/21/89,DOW,2.0,3.0
6/19/00,DOW,1.0,3.0
8/6/71,DOW,2.0,3.0
5/10/73,DOW,1.0,2.0
6/8/76,DOW,1.0,2.0
10/1/90,DUK,1.0,2.0
1/29/01,DUK,1.0,2.0
7/3/12,DUK,3.0,1.0
1/3/07,DUK,5811.0,10000.0
6/16/04,DVA,2.0,3.0
9/9/13,DVA,1.0,2.0
3/2/99,EBAY,1.0,3.0
5/25/00,EBAY,1.0,2.0
8/29/03,EBAY,1.0,2.0
2/17/05,EBAY,1.0,2.0
1/19/94,ECL,1.0,2.0
1/16/98,ECL,1.0,2.0
6/9/03,ECL,1.0,2.0
7/1/82,ED,1.0,2.0
7/3/89,ED,1.0,2.0
12/19/89,EFX,1.0,2.0
12/18/95,EFX,1.0,2.0
8/13/84,EIX,1.0,2.0
6/22/93,EIX,1.0,2.0
6/3/99,EL,1.0,2.0
1/23/12,EL,1.0,2.0
11/25/92,EMC,2.0,3.0
6/8/93,EMC,1.0,2.0
12/13/93,EMC,1.0,2.0
11/18/97,EMC,1.0,2.0
6/1/99,EMC,1.0,2.0
6/5/00,EMC,1.0,2.0
9/11/87,EMR,1.0,3.0
3/11/97,EMR,1.0,2.0
12/12/06,EMR,1.0,2.0
8/21/73,EMR,1.0,2.0
6/16/94,EOG,1.0,2.0
3/2/05,EOG,1.0,2.0
4/1/14,EOG,1.0,2.0
1/26/93,EQT,2.0,3.0
6/12/01,EQT,1.0,2.0
9/2/05,EQT,1.0,2.0
6/27/94,ESRX,1.0,2.0
11/2/98,ESRX,1.0,2.0
6/25/01,ESRX,1.0,2.0
6/27/05,ESRX,1.0,2.0
6/25/07,ESRX,1.0,2.0
6/8/10,ESRX,1.0,2.0
6/2/94,ESV,4.0,1.0
9/16/97,ESV,1.0,2.0
9/20/88,ETN,2.0,3.0
6/29/93,ETN,1.0,2.0
2/24/04,ETN,1.0,2.0
3/1/11,ETN,1.0,2.0
10/3/79,ETN,2.0,3.0
1/2/01,ETN,8677.0,10000.0
11/12/93,EXPD,1.0,2.0
12/12/96,EXPD,1.0,2.0
6/1/99,EXPD,1.0,2.0
6/25/02,EXPD,1.0,2.0
6/26/06,EXPD,1.0,2.0
6/27/77,F,4.0,5.0
12/2/83,F,2.0,3.0
6/3/86,F,2.0,3.0
1/13/88,F,1.0,2.0
7/6/94,F,1.0,2.0
8/3/00,F,1000000.0,1748175.0
4/8/98,F,6641.0,10000.0
6/29/00,F,9607.0,10000.0
3/31/92,FAST,1.0,2.0
3/30/95,FAST,1.0,2.0
5/13/02,FAST,1.0,2.0
11/14/05,FAST,1.0,2.0
5/23/11,FAST,1.0,2.0
2/27/92,FDO,1.0,2.0
8/1/97,FDO,2.0,3.0
5/1/98,FDO,1.0,2.0
11/3/80,FDX,1.0,2.0
11/1/83,FDX,1.0,2.0
11/5/96,FDX,1.0,2.0
5/7/99,FDX,1.0,2.0
9/26/78,FDX,1.0,2.0
7/2/91,FISV,2.0,3.0
6/1/92,FISV,2.0,3.0
5/3/93,FISV,2.0,3.0
6/1/98,FISV,2.0,3.0
5/3/99,FISV,2.0,3.0
9/4/01,FISV,2.0,3.0
12/17/13,FISV,1.0,2.0
4/16/92,FITB,2.0,3.0
1/16/96,FITB,2.0,3.0
7/16/97,FITB,2.0,3.0
4/16/98,FITB,2.0,3.0
7/17/00,FITB,2.0,3.0
5/30/03,FLIR,1.0,2.0
2/3/05,FLIR,1.0,2.0
12/11/07,FLIR,1.0,2.0
3/28/94,FLS,2.0,3.0
6/24/13,FLS,1.0,3.0
5/29/86,FMC,1.0,5.0
9/14/07,FMC,1.0,2.0
5/25/12,FMC,1.0,2.0
4/9/98,FOSL,2.0,3.0
8/18/99,FOSL,2.0,3.0
6/10/02,FOSL,2.0,3.0
4/12/04,FOSL,2.0,3.0
3/1/91,FRX,1.0,2.0
3/26/98,FRX,1.0,2.0
1/12/01,FRX,1.0,2.0
1/9/03,FRX,1.0,2.0
6/20/94,FTR,2.0,3.0
6/26/96,FTR,10.0,11.0
7/22/97,FTR,1.0,2.0
6/29/98,FTR,10.0,11.0
3/4/90,FTR,10000.0,10133.0
6/4/90,FTR,10000.0,10133.0
9/4/90,FTR,10000.0,10133.0
11/22/90,FTR,10000.0,10240.0
2/27/91,FTR,100.0,102.0
5/28/91,FTR,10000.0,10190.0
8/30/91,FTR,10000.0,10190.0
12/2/91,FTR,10000.0,10190.0
2/25/92,FTR,10000.0,10160.0
5/26/92,FTR,10000.0,10150.0
8/28/92,FTR,10000.0,10120.0
11/24/92,FTR,10000.0,10120.0
2/23/93,FTR,10000.0,10120.0
5/25/93,FTR,10000.0,10100.0
9/7/93,FTR,10000.0,10110.0
11/24/93,FTR,10000.0,10100.0
2/23/94,FTR,10000.0,10110.0
5/25/94,FTR,10000.0,10115.0
8/26/94,FTR,10000.0,10300.0
11/25/94,FTR,10000.0,10140.0
2/23/95,FTR,10000.0,10150.0
5/25/95,FTR,10000.0,10150.0
8/30/95,FTR,10000.0,10160.0
11/29/95,FTR,10000.0,10160.0
2/28/96,FTR,10000.0,10160.0
5/29/96,FTR,10000.0,10160.0
8/28/96,FTR,10000.0,10160.0
11/27/96,FTR,10000.0,10160.0
2/26/97,FTR,10000.0,10160.0
5/29/97,FTR,10000.0,10160.0
8/27/97,FTR,10000.0,10100.0
11/27/97,FTR,10000.0,10100.0
5/28/98,FTR,10000.0,10075.0
11/27/98,FTR,10000.0,10075.0
1/6/87,GCI,1.0,2.0
10/7/97,GCI,1.0,2.0
2/20/79,GD,2.0,5.0
11/17/80,GD,1.0,2.0
4/11/94,GD,1.0,2.0
4/3/98,GD,1.0,2.0
3/27/06,GD,1.0,2.0
6/8/71,GE,1.0,2.0
6/2/83,GE,1.0,2.0
5/26/87,GE,1.0,2.0
5/16/94,GE,1.0,2.0
5/12/97,GE,1.0,2.0
5/8/00,GE,1.0,3.0
2/22/01,GILD,1.0,2.0
3/8/02,GILD,1.0,2.0
9/7/04,GILD,1.0,2.0
6/25/07,GILD,1.0,2.0
1/28/13,GILD,1.0,2.0
11/10/86,GIS,1.0,2.0
11/8/90,GIS,1.0,2.0
11/9/99,GIS,1.0,2.0
6/9/10,GIS,1.0,2.0
2/13/85,GLW,1.0,2.0
2/15/89,GLW,1.0,2.0
2/11/92,GLW,1.0,2.0
10/4/00,GLW,1.0,3.0
4/10/84,GPC,2.0,3.0
5/28/87,GPC,2.0,3.0
4/20/92,GPC,2.0,3.0
4/15/97,GPC,2.0,3.0
10/23/90,GPS,1.0,2.0
7/23/91,GPS,1.0,2.0
4/11/96,GPS,1.0,2.0
12/23/97,GPS,2.0,3.0
12/1/98,GPS,2.0,3.0
6/22/99,GPS,2.0,3.0
7/22/97,HAL,1.0,2.0
7/17/06,HAL,1.0,2.0
4/30/76,HAL,1.0,3.0
12/26/80,HAL,1.0,2.0
1/24/96,HAL,95301.0,100000.0
9/20/00,HAR,1.0,2.0
12/5/03,HAR,1.0,2.0
1/28/85,HAS,2.0,5.0
8/15/86,HAS,1.0,2.0
3/17/92,HAS,2.0,3.0
3/24/97,HAS,2.0,3.0
3/16/99,HAS,2.0,3.0
8/1/94,HBAN,4.0,5.0
7/12/96,HBAN,10.0,11.0
7/11/97,HBAN,10.0,11.0
7/13/98,HBAN,10.0,11.0
7/12/99,HBAN,10.0,11.0
7/12/00,HBAN,10.0,11.0
8/3/92,HBAN,4.0,5.0
6/18/02,HCBK,1.0,2.0
6/7/05,HCBK,1000.0,3206.0
5/21/92,HCP,1.0,2.0
3/2/04,HCP,1.0,2.0
9/22/87,HD,2.0,3.0
7/3/89,HD,2.0,3.0
7/6/90,HD,2.0,3.0
6/26/91,HD,2.0,3.0
7/2/92,HD,2.0,3.0
4/14/93,HD,3.0,4.0
7/7/97,HD,2.0,3.0
7/6/98,HD,1.0,2.0
12/31/99,HD,2.0,3.0
1/20/82,HD,2.0,3.0
5/11/82,HD,4.0,5.0
12/8/82,HD,1.0,2.0
6/9/83,HD,1.0,2.0
5/30/84,HON,2.0,3.0
3/15/94,HON,1.0,2.0
9/16/97,HON,1.0,2.0
6/20/95,HOT,6.0,1.0
1/28/97,HOT,2.0,3.0
1/2/98,HP,1.0,2.0
7/10/06,HP,1.0,2.0
10/2/87,HRB,1.0,2.0
10/2/91,HRB,1.0,2.0
8/2/01,HRB,1.0,2.0
8/23/05,HRB,1.0,2.0
2/21/90,HRL,1.0,2.0
2/16/00,HRL,1.0,2.0
2/15/11,HRL,1.0,2.0
9/29/97,HRS,1.0,2.0
3/31/05,HRS,1.0,2.0
5/11/09,HRS,9448.0,10000.0
12/2/97,HSP,1.0,2.0
6/16/00,HSP,1.0,2.0
9/16/86,HSY,1.0,3.0
9/16/96,HSY,1.0,2.0
6/16/04,HSY,1.0,2.0
2/1/82,HUM,2.0,3.0
2/1/83,HUM,3.0,4.0
2/1/84,HUM,5.0,6.0
8/1/91,HUM,2.0,3.0
5/18/64,IBM,4.0,5.0
5/18/66,IBM,2.0,3.0
4/23/68,IBM,1.0,2.0
5/29/73,IBM,4.0,5.0
6/1/79,IBM,1.0,4.0
5/28/97,IBM,1.0,2.0
5/27/99,IBM,1.0,2.0
7/16/90,IGT,1.0,2.0
8/23/91,IGT,1.0,2.0
3/25/92,IGT,1.0,2.0
3/18/93,IGT,1.0,2.0
7/3/03,IGT,1.0,4.0
10/29/87,INTC,2.0,3.0
6/7/93,INTC,1.0,2.0
6/19/95,INTC,1.0,2.0
7/14/97,INTC,1.0,2.0
4/12/99,INTC,1.0,2.0
7/31/00,INTC,1.0,2.0
8/22/95,INTU,1.0,2.0
10/1/99,INTU,1.0,3.0
7/7/06,INTU,1.0,2.0
11/19/62,IP,100.0,102.0
5/20/87,IP,1.0,2.0
9/18/95,IP,1.0,2.0
7/2/14,IP,1000.0,1014.0
6/16/89,IPG,2.0,3.0
6/16/92,IPG,1.0,2.0
7/16/97,IPG,2.0,3.0
7/16/99,IPG,1.0,2.0
7/13/87,IR,2.0,5.0
6/2/92,IR,1.0,2.0
9/3/97,IR,2.0,3.0
9/2/05,IR,1.0,2.0
12/2/13,IR,1000.0,1252.0
8/3/98,IRM,2.0,3.0
1/2/02,IRM,2.0,3.0
7/1/04,IRM,2.0,3.0
1/3/07,IRM,2.0,3.0
9/26/14,IRM,1000.0,1082.0
6/21/93,ITW,1.0,2.0
5/28/97,ITW,1.0,2.0
5/26/06,ITW,1.0,2.0
7/23/97,JBL,1.0,2.0
2/18/99,JBL,1.0,2.0
3/31/00,JBL,1.0,2.0
1/2/87,JCI,1.0,2.0
4/1/97,JCI,1.0,2.0
1/5/04,JCI,1.0,2.0
10/3/07,JCI,1.0,3.0
4/3/90,JEC,1.0,2.0
5/29/91,JEC,1.0,2.0
4/2/02,JEC,1.0,2.0
3/16/07,JEC,1.0,2.0
5/18/70,JNJ,1.0,3.0
5/19/81,JNJ,1.0,3.0
5/11/89,JNJ,1.0,2.0
6/10/92,JNJ,1.0,2.0
6/12/96,JNJ,1.0,2.0
6/13/01,JNJ,1.0,2.0
1/18/00,JNPR,1.0,3.0
6/16/00,JNPR,1.0,2.0
4/24/73,JPM,1.0,2.0
1/16/85,JPM,1.0,2.0
1/16/87,JPM,1.0,2.0
1/28/86,K,1.0,2.0
12/17/91,K,1.0,2.0
8/25/97,K,1.0,2.0
4/15/92,KEY,2.0,3.0
3/9/98,KEY,1.0,2.0
3/2/94,KEY,1000.0,1205.0
12/22/95,KIM,2.0,3.0
12/24/01,KIM,2.0,3.0
8/24/05,KIM,1.0,2.0
10/2/95,KLAC,1.0,2.0
1/19/00,KLAC,1.0,2.0
5/26/87,KMB,1.0,2.0
1/3/92,KMB,1.0,2.0
4/3/97,KMB,1.0,2.0
11/3/14,KMB,1000.0,1043.0
6/1/77,KO,1.0,2.0
7/1/86,KO,1.0,3.0
5/14/90,KO,1.0,2.0
5/12/92,KO,1.0,2.0
5/13/96,KO,1.0,2.0
8/13/12,KO,1.0,2.0
2/19/65,KO,1.0,2.0
5/19/65,KO,1.0,2.0
6/3/68,KO,1.0,2.0
5/29/79,KR,1.0,2.0
10/1/86,KR,1.0,2.0
4/23/97,KR,1.0,2.0
6/29/99,KR,1.0,2.0
4/30/96,KSS,1.0,2.0
4/28/98,KSS,1.0,2.0
4/25/00,KSS,1.0,2.0
3/17/92,KSU,1.0,2.0
3/18/93,KSU,1.0,2.0
9/17/97,KSU,1.0,3.0
7/13/00,KSU,2.0,1.0
6/16/92,LEG,1.0,2.0
9/18/95,LEG,1.0,2.0
6/16/98,LEG,1.0,2.0
2/26/92,LEN,1.0,2.0
4/21/94,LEN,2.0,3.0
1/21/04,LEN,1.0,2.0
5/4/00,LH,10.0,1.0
6/12/01,LH,1.0,2.0
5/13/02,LH,1.0,2.0
7/16/91,LIFE,2.0,3.0
12/18/03,LIFE,1.0,2.0
11/25/92,LLTC,1.0,2.0
9/5/95,LLTC,1.0,2.0
2/22/99,LLTC,1.0,2.0
3/28/00,LLTC,1.0,2.0
1/30/86,LLY,1.0,2.0
5/1/89,LLY,1.0,2.0
12/21/95,LLY,1.0,2.0
10/16/97,LLY,1.0,2.0
9/27/93,LM,4.0,5.0
9/25/97,LM,3.0,4.0
9/28/98,LM,1.0,2.0
9/27/04,LM,2.0,3.0
9/9/83,LMT,1.0,3.0
3/16/95,LMT,100.0,163.0
1/4/99,LMT,1.0,2.0
6/28/93,LNC,1.0,2.0
6/22/99,LNC,1.0,2.0
6/29/92,LOW,1.0,2.0
4/4/94,LOW,1.0,2.0
6/29/98,LOW,1.0,2.0
7/2/01,LOW,1.0,2.0
7/3/06,LOW,1.0,2.0
9/16/93,LRCX,2.0,3.0
3/17/00,LRCX,1.0,3.0
6/22/95,LSI,1.0,2.0
2/17/00,LSI,1.0,2.0
1/11/93,LUK,1.0,2.0
11/16/95,LUK,1.0,2.0
1/3/05,LUK,2.0,3.0
6/15/06,LUK,1.0,2.0
2/26/13,LUK,1000.0,1027.0
9/23/80,LUV,2.0,3.0
10/23/81,LUV,4.0,5.0
1/24/83,LUV,1.0,2.0
1/30/84,LUV,4.0,5.0
8/30/90,LUV,2.0,3.0
7/16/92,LUV,1.0,2.0
7/16/93,LUV,2.0,3.0
11/28/97,LUV,2.0,3.0
8/21/98,LUV,2.0,3.0
7/20/99,LUV,2.0,3.0
2/16/01,LUV,2.0,3.0
6/12/06,MAR,1.0,2.0
6/23/09,MAR,1000.0,1004.0
8/18/09,MAR,1000.0,1004.0
11/17/09,MAR,1000.0,1003.0
11/22/11,MAR,1000.0,1061.0
5/20/86,MAS,1.0,2.0
7/13/98,MAS,1.0,2.0
11/18/91,MAT,4.0,5.0
6/3/92,MAT,2.0,3.0
1/10/94,MAT,4.0,5.0
1/23/95,MAT,4.0,5.0
3/4/96,MAT,4.0,5.0
6/14/71,MCD,2.0,3.0
6/6/72,MCD,1.0,2.0
10/7/82,MCD,2.0,3.0
9/25/84,MCD,2.0,3.0
6/26/86,MCD,2.0,3.0
6/23/87,MCD,2.0,3.0
6/19/89,MCD,1.0,2.0
6/27/94,MCD,1.0,2.0
3/8/99,MCD,1.0,2.0
9/14/93,MCHP,1.0,2.0
4/5/94,MCHP,2.0,3.0
11/9/94,MCHP,2.0,3.0
1/7/97,MCHP,2.0,3.0
2/8/00,MCHP,2.0,3.0
9/27/00,MCHP,2.0,3.0
5/9/02,MCHP,2.0,3.0
8/31/89,MDT,1.0,2.0
8/30/91,MDT,1.0,2.0
9/30/94,MDT,1.0,2.0
9/29/95,MDT,1.0,2.0
9/15/97,MDT,1.0,2.0
9/27/99,MDT,1.0,2.0
8/25/93,MHK,2.0,3.0
12/5/97,MHK,2.0,3.0
1/21/92,MKC,1.0,2.0
4/9/02,MKC,1.0,2.0
6/30/97,MMC,1.0,2.0
6/29/98,MMC,2.0,3.0
7/1/02,MMC,1.0,2.0
6/16/72,MMM,1.0,2.0
6/16/87,MMM,1.0,2.0
4/11/94,MMM,1.0,2.0
9/30/03,MMM,1.0,2.0
6/3/74,MO,1.0,2.0
6/1/79,MO,1.0,2.0
4/11/86,MO,1.0,2.0
10/11/89,MO,1.0,4.0
4/11/97,MO,1.0,3.0
6/1/72,MRK,1.0,2.0
5/27/86,MRK,1.0,2.0
5/26/88,MRK,1.0,3.0
5/26/92,MRK,1.0,3.0
2/17/99,MRK,1.0,2.0
6/19/07,MRO,1.0,2.0
5/7/91,MRO,5.0,6.0
7/1/11,MRO,5965.0,10000.0
9/21/87,MSFT,1.0,2.0
4/16/90,MSFT,1.0,2.0
6/27/91,MSFT,2.0,3.0
6/15/92,MSFT,2.0,3.0
5/23/94,MSFT,1.0,2.0
12/9/96,MSFT,1.0,2.0
2/23/98,MSFT,1.0,2.0
3/29/99,MSFT,1.0,2.0
2/18/03,MSFT,1.0,2.0
1/4/11,MSI,40425.0,10000.0
12/3/04,MSI,895.0,1000.0
4/19/94,MU,2.0,5.0
5/23/95,MU,1.0,2.0
5/2/00,MU,1.0,2.0
12/31/02,MUR,1.0,2.0
6/6/05,MUR,1.0,2.0
9/3/13,MUR,1000.0,1158.0
8/3/92,MYL,1.0,2.0
8/16/95,MYL,2.0,3.0
1/28/03,MYL,2.0,3.0
10/9/03,MYL,2.0,3.0
9/15/05,NBL,1.0,2.0
5/29/13,NBL,1.0,2.0
8/29/07,NE,1.0,2.0
8/4/14,NE,1000.0,1144.0
6/11/87,NEM,1.0,2.0
10/9/87,NEM,2.0,3.0
4/22/94,NEM,1000.0,1241.0
12/31/96,NFX,1.0,2.0
5/26/05,NFX,1.0,2.0
9/11/84,NOC,1.0,3.0
6/22/04,NOC,1.0,2.0
3/31/11,NOC,9035.0,10000.0
10/1/07,NOV,1.0,2.0
6/2/14,NOV,1000.0,1109.0
4/7/87,NSC,1.0,3.0
10/10/97,NSC,1.0,3.0
12/19/97,NTAP,1.0,2.0
12/22/98,NTAP,1.0,2.0
12/21/99,NTAP,1.0,2.0
3/23/00,NTAP,1.0,2.0
5/1/90,NTRS,1.0,2.0
12/10/92,NTRS,2.0,3.0
12/10/96,NTRS,1.0,2.0
12/10/99,NTRS,1.0,2.0
9/21/83,NUE,1.0,2.0
6/18/86,NUE,2.0,3.0
6/22/92,NUE,1.0,2.0
9/20/93,NUE,1.0,2.0
10/18/04,NUE,1.0,2.0
6/1/06,NUE,1.0,2.0
6/27/00,NVDA,1.0,2.0
9/17/01,NVDA,1.0,2.0
4/7/06,NVDA,1.0,2.0
9/11/07,NVDA,2.0,3.0
3/1/90,OKE,1.0,2.0
6/12/01,OKE,1.0,2.0
6/4/12,OKE,1.0,2.0
2/3/14,OKE,10000.0,11422.0
12/28/95,OMC,1.0,2.0
12/30/97,OMC,1.0,2.0
6/26/07,OMC,1.0,2.0
9/2/97,ORLY,1.0,2.0
12/1/99,ORLY,1.0,2.0
6/16/05,ORLY,1.0,2.0
8/16/06,OXY,1.0,2.0
12/1/14,OXY,1000.0,1042.0
5/16/97,PBCT,2.0,3.0
5/17/04,PBCT,2.0,3.0
5/16/05,PBCT,2.0,3.0
4/16/07,PBCT,10.0,21.0
5/24/83,PBI,1.0,2.0
11/14/86,PBI,1.0,2.0
6/3/92,PBI,1.0,2.0
1/20/98,PBI,1.0,2.0
8/1/88,PCAR,1.0,2.0
5/22/97,PCAR,1.0,2.0
5/29/02,PCAR,2.0,3.0
2/6/04,PCAR,2.0,3.0
8/11/06,PCAR,2.0,3.0
10/10/07,PCAR,2.0,3.0
8/29/94,PCP,2.0,3.0
9/22/00,PCP,1.0,2.0
9/9/05,PCP,1.0,2.0
6/20/94,PDCO,2.0,3.0
2/18/98,PDCO,2.0,3.0
7/24/00,PDCO,1.0,2.0
10/25/04,PDCO,1.0,2.0
7/27/87,PEG,2.0,3.0
2/5/08,PEG,1.0,2.0
5/31/77,PEP,1.0,3.0
5/29/86,PEP,1.0,3.0
9/5/90,PEP,1.0,3.0
5/29/96,PEP,1.0,2.0
5/2/95,PETM,2.0,3.0
7/22/96,PETM,1.0,2.0
7/1/83,PFE,1.0,2.0
4/1/91,PFE,1.0,2.0
7/3/95,PFE,1.0,2.0
7/1/97,PFE,1.0,2.0
7/1/99,PFE,1.0,3.0
5/19/70,PG,1.0,2.0
2/22/83,PG,1.0,2.0
11/20/89,PG,1.0,2.0
6/15/92,PG,1.0,2.0
9/22/97,PG,1.0,2.0
6/21/04,PG,1.0,2.0
6/9/86,PH,2.0,3.0
6/2/95,PH,2.0,3.0
9/8/97,PH,2.0,3.0
10/2/07,PH,2.0,3.0
6/2/98,PHM,1.0,2.0
1/5/04,PHM,1.0,2.0
9/2/05,PHM,1.0,2.0
5/11/92,PKI,1.0,2.0
6/4/01,PKI,1.0,2.0
12/30/91,PLL,2.0,3.0
12/28/92,PLL,3.0,4.0
6/14/93,PNR,1.0,2.0
2/20/96,PNR,1.0,2.0
6/9/04,PNR,1.0,2.0
9/13/83,PPG,1.0,2.0
3/13/87,PPG,1.0,2.0
6/13/94,PPG,1.0,2.0
5/12/92,PPL,1.0,2.0
8/25/05,PPL,1.0,2.0
10/10/91,PVH,1.0,2.0
6/17/87,PVH,2.0,5.0
2/24/94,QCOM,1.0,2.0
5/11/99,QCOM,1.0,2.0
12/31/99,QCOM,1.0,4.0
8/16/04,QCOM,1.0,2.0
3/20/85,R,1.0,2.0
6/2/86,R,2.0,3.0
8/15/06,RAI,1.0,2.0
11/16/10,RAI,1.0,2.0
3/1/93,RF,10.0,11.0
7/20/76,RF,100.0,105.0
1/20/78,RF,100.0,105.0
8/1/79,RF,10.0,11.0
6/4/84,RF,1.0,2.0
6/2/86,RF,1.0,2.0
7/1/04,RF,10000.0,12346.0
8/29/94,RHI,1.0,2.0
6/10/96,RHI,1.0,2.0
9/29/97,RHI,2.0,3.0
6/13/00,RHI,1.0,2.0
9/22/97,RIG,1.0,2.0
11/27/07,RIG,10000.0,13427.0
6/20/83,ROK,1.0,2.0
4/14/87,ROK,1.0,2.0
9/21/93,ROP,1.0,2.0
8/4/97,ROP,1.0,2.0
8/29/05,ROP,1.0,2.0
3/6/97,ROST,1.0,2.0
9/23/99,ROST,1.0,2.0
12/19/03,ROST,1.0,2.0
12/16/11,ROST,1.0,2.0
9/30/93,SBUX,1.0,2.0
12/4/95,SBUX,1.0,2.0
3/22/99,SBUX,1.0,2.0
4/30/01,SBUX,1.0,2.0
10/24/05,SBUX,1.0,2.0
4/9/15,SBUX,1.0,2.0
5/12/89,SEE,1.0,4.0
9/21/92,SEE,1.0,2.0
10/2/95,SEE,1.0,2.0
3/19/07,SEE,1.0,2.0
4/1/86,SHW,1.0,2.0
4/1/91,SHW,1.0,2.0
3/31/97,SHW,1.0,2.0
1/3/91,SIAL,1.0,2.0
1/3/97,SIAL,1.0,2.0
1/3/07,SIAL,1.0,2.0
7/14/97,SLB,1.0,2.0
4/10/06,SLB,1.0,2.0
7/3/89,SLM,2.0,5.0
1/5/98,SLM,2.0,7.0
6/23/03,SLM,1.0,3.0
5/1/14,SLM,1000.0,2798.0
7/28/86,SNA,1.0,2.0
9/11/96,SNA,2.0,3.0
2/23/00,SNDK,1.0,2.0
2/19/04,SNDK,1.0,2.0
3/1/94,SO,1.0,2.0
4/3/01,SO,6109.0,10000.0
7/11/91,SPLS,2.0,3.0
12/14/93,SPLS,2.0,3.0
10/31/94,SPLS,2.0,3.0
7/25/95,SPLS,2.0,3.0
3/26/96,SPLS,2.0,3.0
2/2/98,SPLS,2.0,3.0
1/29/99,SPLS,2.0,3.0
4/18/05,SPLS,2.0,3.0
6/3/02,SRCL,1.0,2.0
6/1/07,SRCL,1.0,2.0
5/1/90,STJ,1.0,2.0
11/17/95,STJ,2.0,3.0
7/1/02,STJ,1.0,2.0
11/23/04,STJ,1.0,2.0
8/6/86,STT,1.0,2.0
5/14/92,STT,1.0,2.0
5/29/97,STT,1.0,2.0
5/31/01,STT,1.0,2.0
5/15/01,STZ,1.0,2.0
5/14/02,STZ,1.0,2.0
5/16/05,STZ,1.0,2.0
6/20/89,SYK,2.0,3.0
6/14/91,SYK,1.0,2.0
6/11/96,SYK,1.0,2.0
5/15/00,SYK,1.0,2.0
5/17/04,SYK,1.0,2.0
10/28/91,SYMC,1.0,2.0
2/1/02,SYMC,1.0,2.0
11/20/03,SYMC,1.0,2.0
12/1/04,SYMC,1.0,2.0
10/18/89,SYY,1.0,2.0
6/22/92,SYY,1.0,2.0
3/23/98,SYY,1.0,2.0
12/18/00,SYY,1.0,2.0
5/22/87,T,1.0,3.0
5/25/93,T,1.0,2.0
3/20/98,T,1.0,2.0
8/17/87,TE,1.0,2.0
8/31/93,TE,1.0,2.0
7/25/83,TGT,1.0,2.0
7/18/96,TGT,1.0,3.0
5/1/98,TGT,1.0,2.0
7/20/00,TGT,1.0,2.0
4/27/83,THC,4.0,5.0
9/16/91,THC,1.0,2.0
7/1/02,THC,2.0,3.0
10/11/12,THC,4.0,1.0
7/17/89,TIF,2.0,3.0
7/24/96,TIF,1.0,2.0
7/22/99,TIF,1.0,2.0
7/21/00,TIF,1.0,2.0
6/27/97,TJX,1.0,2.0
6/26/98,TJX,1.0,2.0
5/9/02,TJX,1.0,2.0
2/3/12,TJX,1.0,2.0
8/20/92,TMK,2.0,3.0
8/4/97,TMK,1.0,2.0
7/5/11,TMK,2.0,3.0
7/2/14,TMK,2.0,3.0
10/29/93,TMO,2.0,3.0
5/25/95,TMO,2.0,3.0
6/6/96,TMO,2.0,3.0
1/2/90,TROW,1.0,2.0
12/1/93,TROW,1.0,2.0
5/1/96,TROW,1.0,2.0
5/1/98,TROW,1.0,2.0
6/26/06,TROW,1.0,2.0
4/16/87,TSN,2.0,3.0
4/16/91,TSN,1.0,2.0
2/18/97,TSN,2.0,3.0
5/5/93,TSS,1.0,2.0
10/3/94,TSS,1.0,2.0
4/23/96,TSS,1.0,2.0
5/11/98,TSS,2.0,3.0
6/15/87,TXN,1.0,3.0
8/21/95,TXN,1.0,2.0
11/24/97,TXN,1.0,2.0
8/17/99,TXN,1.0,2.0
5/23/00,TXN,1.0,2.0
5/29/73,TXN,1.0,2.0
5/29/87,TXT,1.0,2.0
6/2/97,TXT,1.0,2.0
8/27/07,TXT,1.0,2.0
11/15/95,TYC,1.0,2.0
10/23/97,TYC,1.0,2.0
10/22/99,TYC,1.0,2.0
7/2/07,TYC,4.0,1.0
10/1/12,TYC,4971.0,10000.0
9/16/92,UNH,1.0,2.0
3/11/94,UNH,1.0,2.0
12/26/00,UNH,1.0,2.0
6/19/03,UNH,1.0,2.0
5/31/05,UNH,1.0,2.0
3/10/92,UNM,1.0,2.0
6/3/97,UNM,1.0,2.0
5/12/80,UNP,1.0,2.0
10/2/91,UNP,1.0,2.0
5/29/08,UNP,1.0,2.0
10/16/96,UNP,6724.0,10000.0
6/9/14,UNP,1.0,2.0
6/3/96,URBN,1.0,2.0
9/22/03,URBN,1.0,2.0
7/12/04,URBN,1.0,2.0
9/26/05,URBN,1.0,2.0
2/22/79,USB,4.0,5.0
4/16/85,USB,1.0,2.0
4/17/89,USB,1.0,2.0
1/16/97,USB,1.0,3.0
4/16/99,USB,1.0,3.0
5/19/76,UTX,1.0,2.0
6/11/84,UTX,1.0,2.0
12/11/96,UTX,1.0,2.0
5/18/99,UTX,1.0,2.0
6/13/05,UTX,1.0,2.0
12/11/00,V,5.0,1.0
3/19/15,V,1.0,4.0
3/18/94,VAR,1.0,2.0
4/5/99,VAR,1.0,2.0
1/16/02,VAR,1.0,2.0
8/2/04,VAR,1.0,2.0
5/6/86,VFC,1.0,2.0
11/25/97,VFC,1.0,2.0
12/23/13,VFC,1.0,4.0
10/8/04,VLO,1.0,2.0
12/16/05,VLO,1.0,2.0
5/2/13,VLO,1000.0,1094.0
3/13/89,VMC,1.0,4.0
3/11/99,VMC,1.0,3.0
6/3/91,VNO,1.0,5.0
3/26/93,VNO,2.0,3.0
10/21/97,VNO,1.0,2.0
1/16/15,VNO,1000.0,1104.0
6/1/99,VRSN,1.0,2.0
12/7/99,VRSN,1.0,2.0
4/18/86,VZ,1.0,2.0
5/2/90,VZ,1.0,2.0
6/30/98,VZ,1.0,2.0
11/20/06,VZ,963340.0,1000000.0
4/1/08,VZ,995370.0,1000000.0
7/2/10,VZ,937989.0,1000000.0
8/14/95,XLNX,1.0,3.0
3/12/99,XLNX,1.0,2.0
12/28/99,XLNX,1.0,2.0
7/26/76,XOM,1.0,2.0
6/12/81,XOM,1.0,2.0
9/15/87,XOM,1.0,2.0
4/14/97,XOM,1.0,2.0
7/19/01,XOM,1.0,2.0
6/7/96,XRX,1.0,3.0
2/24/99,XRX,1.0,2.0
9/2/97,YHOO,2.0,3.0
8/3/98,YHOO,1.0,2.0
2/8/99,YHOO,1.0,2.0
2/14/00,YHOO,1.0,2.0
5/12/04,YHOO,1.0,2.0
6/18/02,YUM,1.0,2.0
6/27/07,YUM,1.0,2.0
1/27/93,ZION,1.0,2.0
5/15/97,ZION,1.0,4.0
